pdb_code,chain_name,number
2ZMF,A,246.0
2ZMF,A,247.0
2ZMF,A,248.0
2ZMF,A,249.0
2ZMF,A,250.0
2ZMF,A,251.0
2ZMF,A,252.0
2ZMF,A,253.0
2ZMF,A,254.0
2ZMF,A,255.0
2ZMF,A,256.0
2ZMF,A,257.0
2ZMF,A,258.0
2ZMF,A,259.0
2ZMF,A,260.0
2ZMF,A,261.0
2ZMF,A,262.0
2ZMF,A,263.0
2ZMF,A,264.0
2ZMF,A,265.0
2ZMF,A,266.0
2ZMF,A,267.0
2ZMF,A,268.0
2ZMF,A,269.0
2ZMF,A,270.0
2ZMF,A,271.0
2ZMF,A,272.0
2ZMF,A,273.0
2ZMF,A,274.0
2ZMF,A,275.0
2ZMF,A,276.0
2ZMF,A,277.0
2ZMF,A,278.0
2ZMF,A,279.0
2ZMF,A,280.0
2ZMF,A,281.0
2ZMF,A,282.0
2ZMF,A,283.0
2ZMF,A,284.0
2ZMF,A,285.0
2ZMF,A,286.0
2ZMF,A,287.0
2ZMF,A,288.0
2ZMF,A,289.0
2ZMF,A,290.0
2ZMF,A,291.0
2ZMF,A,292.0
2ZMF,A,293.0
2ZMF,A,294.0
2ZMF,A,295.0
2ZMF,A,296.0
2ZMF,A,297.0
2ZMF,A,298.0
2ZMF,A,299.0
2ZMF,A,300.0
2ZMF,A,301.0
2ZMF,A,302.0
2ZMF,A,303.0
2ZMF,A,304.0
2ZMF,A,305.0
2ZMF,A,306.0
2ZMF,A,307.0
2ZMF,A,308.0
2ZMF,A,309.0
2ZMF,A,310.0
2ZMF,A,311.0
2ZMF,A,312.0
2ZMF,A,313.0
2ZMF,A,314.0
2ZMF,A,315.0
2ZMF,A,316.0
2ZMF,A,317.0
2ZMF,A,318.0
2ZMF,A,319.0
2ZMF,A,320.0
2ZMF,A,321.0
2ZMF,A,322.0
2ZMF,A,323.0
2ZMF,A,324.0
2ZMF,A,325.0
2ZMF,A,326.0
2ZMF,A,327.0
2ZMF,A,328.0
2ZMF,A,329.0
2ZMF,A,330.0
2ZMF,A,331.0
2ZMF,A,332.0
2ZMF,A,333.0
2ZMF,A,334.0
2ZMF,A,335.0
2ZMF,A,336.0
2ZMF,A,337.0
2ZMF,A,338.0
2ZMF,A,339.0
2ZMF,A,340.0
2ZMF,A,341.0
2ZMF,A,342.0
2ZMF,A,343.0
2ZMF,A,344.0
2ZMF,A,345.0
2ZMF,A,346.0
2ZMF,A,347.0
2ZMF,A,348.0
2ZMF,A,349.0
2ZMF,A,350.0
2ZMF,A,351.0
2ZMF,A,352.0
2ZMF,A,353.0
2ZMF,A,354.0
2ZMF,A,355.0
2ZMF,A,356.0
2ZMF,A,357.0
2ZMF,A,358.0
2ZMF,A,359.0
2ZMF,A,360.0
2ZMF,A,361.0
2ZMF,A,362.0
2ZMF,A,363.0
2ZMF,A,364.0
2ZMF,A,365.0
2ZMF,A,366.0
2ZMF,A,367.0
2ZMF,A,368.0
2ZMF,A,369.0
2ZMF,A,370.0
2ZMF,A,371.0
2ZMF,A,372.0
2ZMF,A,373.0
2ZMF,A,374.0
2ZMF,A,375.0
2ZMF,A,376.0
2ZMF,A,377.0
2ZMF,A,378.0
2ZMF,A,379.0
2ZMF,A,380.0
2ZMF,A,381.0
2ZMF,A,382.0
2ZMF,A,383.0
2ZMF,A,384.0
2ZMF,A,385.0
2ZMF,A,386.0
2ZMF,A,387.0
2ZMF,A,388.0
2ZMF,A,389.0
2ZMF,A,390.0
2ZMF,A,391.0
2ZMF,A,392.0
2ZMF,A,393.0
2ZMF,A,394.0
2ZMF,A,395.0
2ZMF,A,396.0
2ZMF,A,397.0
2ZMF,A,398.0
2ZMF,A,399.0
2ZMF,A,400.0
2ZMF,A,401.0
2ZMF,A,402.0
2ZMF,A,403.0
2ZMF,A,404.0
2ZMF,A,405.0
2ZMF,A,406.0
2ZMF,A,407.0
2ZMF,A,408.0
2ZMF,A,409.0
2ZMF,A,410.0
2ZMF,A,411.0
2ZMF,A,412.0
2ZMF,A,413.0
2ZMF,A,414.0
2ZMF,A,415.0
2ZMF,A,416.0
2ZMF,A,417.0
2ZMF,A,418.0
2ZMF,A,419.0
2ZMF,A,420.0
2ZMF,A,421.0
2ZMF,A,422.0
2PUV,A,348.0
2PUV,A,349.0
2PUV,A,350.0
2PUV,A,351.0
2PUV,A,352.0
2PUV,A,353.0
2PUV,A,354.0
2PUV,A,355.0
2PUV,A,356.0
2PUV,A,357.0
2PUV,A,358.0
2PUV,A,359.0
2PUV,A,360.0
2PUV,A,361.0
2PUV,A,362.0
2PUV,A,363.0
2PUV,A,364.0
2PUV,A,365.0
2PUV,A,366.0
2PUV,A,367.0
2PUV,A,368.0
2PUV,A,369.0
2PUV,A,370.0
2PUV,A,371.0